number,payment status
872,paid
856,paid
845,paid
894,paid
885,paid
879,paid
874,paid
940,paid
972,paid
983,paid
1002,paid
1018,paid
1029,paid
1026,paid
1050,paid
1031,paid
1056,paid
1854,paid
1824,paid
1784,paid
1782,paid
1768,paid
1743,paid
1742,paid
1739,paid
1732,paid
1731,paid
1716,paid
1702,paid
1699,paid
1698,paid
1686,paid
1664,paid
1663,paid
1652,paid
1642,paid
1635,paid
1632,paid
1615,paid
1582,paid
1577,paid
1568,paid
1565,paid
1558,paid
1529,paid
1524,paid
1504,paid
1469,paid
1465,paid
1461,paid
1440,paid
1407,paid
1133,paid
1120,paid
2047,paid
2039,paid
2037,paid
1965,paid
1959,paid
1924,paid
1913,paid
1778,paid
1773,paid
1604,paid
1503,paid
1322,paid
2051,paid
2083,paid
1194,paid
2089,paid
1387,paid
903,paid
2105,paid
2065,paid
2134,paid
653,paid
1564,paid
1160,paid
1900,paid